{
  "setup": {
    "city": "mae sai",
    "delay": 6.8
  },
  "config": {
    "options": {
      "watch-url": ["https://www.youtube.com/watch?v=APbU9_tGa-0"],
      "timestamp": "{end:1735664400}"
    },
    "text-1": [
      "{NF4(「{hour:1}:{min:1}」⌯「{th=date}/{th=month:1}/{en=year:2}」)}"
    ],
    "text-2": [
      "「𝐖𝐢𝐥𝐝𝐦𝐮𝐭𝐭」",
      "「𝐅𝐨𝐮𝐫𝐚𝐫𝐦𝐬」",
      "「𝐆𝐫𝐚𝐲 𝐌𝐚𝐭𝐭𝐞𝐫」",
      "「𝐗𝐋𝐑𝟖」",
      "「𝐔𝐩𝐠𝐫𝐚𝐝𝐞」",
      "「𝐃𝐢𝐚𝐦𝐨𝐧𝐝𝐡𝐞𝐚𝐝」",
      "「𝐑𝐢𝐩𝐣𝐚𝐰𝐬」",
      "「𝐒𝐭𝐢𝐧𝐤𝐟𝐥𝐲」",
      "「𝐆𝐡𝐨𝐬𝐭𝐟𝐫𝐞𝐚𝐤」",
      "「𝐇𝐞𝐚𝐭𝐛𝐥𝐚𝐬𝐭」"
    ],
    "text-3": [
      "{NF4(🌏 {city} ⭒ {emoji:time} UV {uv})}",
      "{NF4(🌡️ {temp:c} °C ⭒ 🍃 {wind:kph} KM/H)}"
    ],
    "bigimg": [
      "https://i.pinimg.com/originals/a9/5f/53/a95f5386d9727ba29e65f87081a2f5a4.gif",
      "https://i.pinimg.com/originals/20/d4/49/20d44988330785257828c65b68dbc271.gif",
      "https://i.pinimg.com/originals/9e/f5/af/9ef5af8d5fcbd477600b28c5cc9a8d2d.gif",
      "https://i.pinimg.com/originals/53/0d/74/530d7432c6eeb99d68bec7194dafc645.gif",
      "https://i.pinimg.com/originals/1f/4e/66/1f4e6625345607a85008233158133cae.gif",
      "https://i.pinimg.com/originals/d4/f4/4f/d4f44fa73cd1f0f07f1c4b925b913bf9.gif",
      "https://i.pinimg.com/originals/0a/f4/40/0af4407cbbbf1acc68d49187c180291c.gif",
      "https://i.pinimg.com/originals/c8/96/90/c896908a2b5153e67de5c39a212ef08f.gif",
      "https://i.pinimg.com/originals/2f/08/e9/2f08e984ff29afa8453ec39fd1484317.gif",
      "https://i.pinimg.com/originals/a0/7f/4b/a07f4b928684e1ba8af5244596d606be.gif"
    ],
    "smallimg": [
      "https://i.pinimg.com/564x/92/a1/a1/92a1a14bed732279f68be97ae9d1090f.jpg",
      "https://i.pinimg.com/564x/3d/4c/b3/3d4cb3ec75479db54909d7f64e850ab1.jpg",
      "https://i.pinimg.com/564x/67/27/da/6727da1e5cb3a8e04c1ca776a0a922b3.jpg",
      "https://i.pinimg.com/564x/6b/45/f1/6b45f10ccd30ad56e82a1cf610b4f447.jpg",
      "https://i.pinimg.com/564x/10/01/d5/1001d59399ee0b16c4354ec3dcf7d551.jpg",
      "https://i.pinimg.com/564x/f3/0d/87/f30d87aa8f801762457e841915439aff.jpg",
      "https://i.pinimg.com/564x/9b/7a/c0/9b7ac0a403edd77a439430d85f022569.jpg",
      "https://i.pinimg.com/564x/0a/47/f4/0a47f48001dfba378822ca79ae924cae.jpg",
      "https://i.pinimg.com/564x/39/74/5d/39745d5bf1fd14e2166cfb825e23efb3.jpg",
      "https://i.pinimg.com/564x/4b/2d/f6/4b2df6a229646db2bff30f5ee8d8034c.jpg"
    ],
    "button-1": [
      {
        "name": "ＤＩＳＣＯＲＤ",
        "url": "https://discord.gg/XDPfrU4E9G"
      }
    ],
    "button-2": [
      {
        "name": "ＣＯＮＴＡＣＴ",
        "url": "https://linktr.ee/loybung"
      }
    ]
  }
}
