{
	"setup": {
		"city": "Bangkok",
		"delay": 5.5
	},
	"config": {
		"options": {
			"watch-url": ["https://www.youtube.com/watch?v=cHcD1LcmxfA"],
			"timestamp": "{start}"
		},
		"text-1": [
			"{NF4(꒰ {hour:1} : {min:1} ꒱ ⚘ ꒰ {th=date} / {th=month:1} / {en=year:2} ꒱)}"
		],
		"text-2": ["⤿ ☆★☆★☆★☆★ ༊*·˚", "⤿ ★☆★☆★☆★☆ ༊*·˚"],
		"text-3": [
			"{NF4(꒰ˏˋ🌡️ {temp:c} °C´ˎ꒱ ✦ ꒰ˏˋ🍃 {wind:kph} KM/H´ˎ꒱)}",
			"{NF4(꒰ˏˋ🌡️ {temp:f} °F´ˎ꒱ ✦ ꒰ˏˋ🍃 {wind:mph} MI/H´ˎ꒱)}"
		],
		"bigimg": [
			"https://i.pinimg.com/originals/9e/6d/1f/9e6d1fb0eee591c7e8df7e0e6de41e58.gif",
			"https://i.pinimg.com/originals/07/3d/d1/073dd1f14a95987e7f402a874df8f150.gif",
			"https://i.pinimg.com/originals/97/86/90/97869072bd11fab07e246478c8faa486.gif",
			"https://i.pinimg.com/originals/42/11/58/421158672962ca82c1d0ea5c51dbff22.gif",
			"https://i.pinimg.com/originals/1f/2f/a4/1f2fa47ca287ab51b7fdc4003129ab76.gif",
			"https://i.pinimg.com/originals/6f/af/a3/6fafa388bf857ed5d4f20fc023549b8c.gif",
			"https://i.pinimg.com/originals/c4/5a/e3/c45ae36ace605c2673a706178ed8facb.gif"
		],
		"smallimg": [],
		"button-1": [
			{
				"name": "さみしいかみさま",
				"url": "https://www.youtube.com/watch?v=cHcD1LcmxfA"
			}
		],
		"button-2": []
	}
}
