{
	"setup": {
		"city": "Bangkok",
		"delay": 6
	},
	"config": {
		"options": {
			"watch-url": ["https://www.youtube.com/watch?v=8k6C_3Q4S1o"],
			"timestamp": "{end:1719680400}"
		},
		"text-1": [
			"🕛 【 {NF4({hour:1})} : {NF4({min:1})} 】  𒉭   🗓️ 【 {NF4({en=week:1})} / {NF4({en=date})} / {NF4({en=month:1})} / {NF4({en=year:1})} 】",
			"🕛 【 {NF4({hour:2})} : {NF4({min:2})} 】  𒉭   🗓️ 【 {NF4({en=week:2})} / {NF4({en=date})} / {NF4({en=month:2})} / {NF4({en=year:2})} 】",
			"🕚 【 {NF4({hour:1})} : {NF4({min:1})} 】  𒉭   🗓️ 【 {NF4({en=week:1})} / {NF4({en=date})} / {NF4({en=month:3})} / {NF4({en=year:1})} 】",
			"🕙 【 {NF4({hour:2})} : {NF4({min:2})} 】  𒉭   🗓️ 【 {NF4({th=week:2})} / {NF4({th=date})} / {NF4({th=month:1})} / {NF4({th=year:2})} 】",
			"🕙 【 {NF4({hour:1})} : {NF4({min:1})} 】  𒉭   🗓️ 【 {NF4({th=week:1})} / {NF4({th=date})} / {NF4({th=month:2})} / {NF4({th=year:1})} 】",
			"🕘 【 {NF4({hour:2})} : {NF4({min:2})} 】  𒉭   🗓️ 【 {NF4({th=week:2})} / {NF4({th=date})} / {NF4({th=month:3})} / {NF4({th=year:2})} 】"
		],
		"text-2": [
			"{NF4(【 1 / 16 】)} 👥 Username : 🗂️ {user:name} ",
			"{NF4(【 2 / 16 】)} 📄 Patch Steaming Rpc : 📄 {NF4({patch})} ",
			"{NF4(【 3 / 16 】)} 📈 Uptime : {NF4({uptime:days} / {uptime:hours} / {uptime:minutes})}",
			"{NF4(【 4 / 16 】)} 📈 Cpu name : {NF4({cpu:name})} ",
			"{NF4(【 5 / 16 】)} 📈 Cpu core : {NF4({cpu:cores})} cores ",
			"{NF4(【 6 / 16 】)} 📈 {NF4({cpu:usage})} / 📈 {NF4({cpu:speed})} % / 📈 {NF4({ram:usage})} %",
			"{NF4(【 7 / 16 】)} 📶 Ping Server : 📶 {NF4({ping})} ms",
			"{NF4(【 8 / 16 】)} 🌉 Country : {country} ",
			"{NF4(【 9 / 16 】)} 🏞️ Temp in {city} : 🌡️ {NF4({temp:c})}  /  🌡️ {NF4({temp:f})} ",
			"{NF4(【 10 / 16 】)} 🍃 Wind in {city} : 🍃 {NF4({wind:kph})} / 🍃 {NF4({wind:mph})} ",
			"{NF4(【 11 / 16 】)} 🍃 Gust of wind in {city} : 🍃 {NF4({gust:kph})}  / 🍃 {NF4({gust:mph})} ",
			"{NF4(【 12 / 16 】)} ☁️ Cloud in {city} : ☁️ {NF4({cloud})}  %",
			"{NF4(【 13 / 16 】)} 🌞 UV in {city} : 🌞 index {uv}",
			"{NF4(【 14 / 16 】)} 🦠 Pm 2.5 in {city} : 🦠 {NF4({pm2.5})} ",
			"{NF4(【 15 / 16 】)} 💧 Humidity in {city} : 💧 {NF4({humidity})} %",
			"{NF4(【 16 / 16 】)} 🌌 Visibility in {city} : 🌌 {NF4({vis:km})} / 🌌 {NF4({vis:mi})}"
		],
		"text-3": [
			"NEXT STAGE :",
			"NEXT STAGE : 𝙿𝙸𝚇𝙴𝙻𝙰",
			"NEXT STAGE : 𝙿𝙸𝚇𝙴𝙻𝙰 𝙿𝚁𝙾𝙹𝙴𝙲𝚃",
			" SEND TO : 👤 {user:name} MESSAGE : 𝚆𝙴𝙻𝙲𝙾𝙼𝙴 𝚃𝙾 𝙿𝙸𝚇𝙴𝙻𝙰 𝙿𝚁𝙾𝙹𝙴𝙲𝚃 💟💟💟",
			"{NF4(【 1 / 35 】)}  𝙿𝙸𝚇𝙴𝙻𝙰 𝙶𝙴𝙽 𝟷 | 𝙷𝙸𝙽𝙰𝙱𝙴 𝙷𝙾𝙽𝙶𝙵𝙴𝙸 🧡🦊 (GRADUATION)",
			"{NF4(【 2 / 35 】)}  𝙿𝙸𝚇𝙴𝙻𝙰 𝙶𝙴𝙽 𝟷 | 𝙻𝙰𝙶𝚄𝙽𝙰 𝙹𝚄𝙹𝚄 💚🦎 (GRADUATION)",
			"{NF4(【 3 / 35 】)}  𝙿𝙸𝚇𝙴𝙻𝙰 𝙶𝙴𝙽 𝟷 | 𝙼𝙴𝙻𝙸𝚃𝙰 𝚇 💜🕷️ (GRADUATION) ",
			"{NF4(【 4 / 35 】)}  𝙿𝙸𝚇𝙴𝙻𝙰 𝙶𝙴𝙽 𝟷 | 𝙿𝚁𝙸𝙽𝙲𝙴𝚂𝚂 𝚉𝙴𝙻𝙸𝙽𝙰 💙🐵",
			"{NF4(【 5 / 35 】)}  𝙿𝙸𝚇𝙴𝙻𝙰 𝙸𝚂𝙴𝙺𝙰𝙸 | 𝙳𝚁𝙰𝙺𝙸 𝙺𝙾𝙽𝙰 ",
			"{NF4(【 6 / 35 】)}  𝙿𝙸𝚇𝙴𝙻𝙰 𝙸𝚂𝙴𝙺𝙰𝙸 | 𝙺𝙸𝚃𝚂𝚄𝙽𝙴𝙺𝙾 𝙼𝙴𝚆𝚃𝙴𝙽 💜🦊",
			"{NF4(【 7 / 35 】)}  𝙿𝙸𝚇𝙴𝙻𝙰 𝙸𝚂𝙴𝙺𝙰𝙸 | 𝙹𝙾𝙻𝙻𝚈 𝙴𝚂𝚃𝙰𝙰 💙💧",
			"{NF4(【 8 / 35 】)}  𝙿𝙸𝚇𝙴𝙻𝙰 𝙸𝚂𝙴𝙺𝙰𝙸 | 𝙺𝙰𝙼𝙸𝚈𝚄 𝚁𝙴𝙸𝚁𝙸𝙽 🤍👻",
			"{NF4(【 9 / 35 】)}  𝙿𝙸𝚇𝙴𝙻𝙰 𝙸𝚂𝙴𝙺𝙰𝙸 | 𝙷𝙰𝙽𝙰𝙱𝙸 𝙻𝙰𝙵𝚈 💜🧚",
			"{NF4(【 10 / 35 】)}  𝙿𝙸𝚇𝙴𝙻𝙰 𝙸𝚂𝙴𝙺𝙰𝙸 | 𝙰𝚁𝙰𝙽𝙸𝚂 𝙴𝙻𝚅𝙴𝙽𝙴 💚🧝",
			"{NF4(【 11 / 35 】)}  𝙿𝙸𝚇𝙴𝙻𝙰 𝙻𝙴𝙶𝙴𝙽𝙳 | 𝙼𝙴𝚁𝙰𝙺𝙸 𝙺𝙴𝙸𝙼𝙸 💖 (GRADUATION)",
			"{NF4(【 12 / 35 】)}  𝙿𝙸𝚇𝙴𝙻𝙰 𝙻𝙴𝙶𝙴𝙽𝙳 | 𝚂𝚄𝙿𝙴𝚁𝙿𝚁𝙴𝚃𝚃𝚈 𝚃𝙰𝙺𝙾𝙿𝙴𝚁𝙾 💙🐙",
			"{NF4(【 13 / 35 】)}  𝙿𝙸𝚇𝙴𝙻𝙰 𝙻𝙴𝙶𝙴𝙽𝙳 | 𝙰𝙺𝙴𝙼𝙸 𝙰𝚁𝙻𝙸𝙽 ❤️🐍",
			"{NF4(【 14 / 35 】)}  𝙿𝙸𝚇𝙴𝙻𝙰 𝙻𝙴𝙶𝙴𝙽𝙳 | 𝙽𝙴𝚉𝚄𝙼𝙸 𝙴𝙻𝚂𝙴 💙🐁",
			"{NF4(【 15 / 35 】)}  𝙿𝙸𝚇𝙴𝙻𝙰 𝙻𝙴𝙶𝙴𝙽𝙳 | 𝚄𝙼𝙸𝙽𝙾 𝙲𝙸𝙰𝙻𝙰 💙🦞",
			"{NF4(【 16 / 35 】)}  𝙿𝙸𝚇𝙴𝙻𝙰 𝙼𝚈𝚂𝚃𝙸𝙲 | 𝙼𝚈𝙲𝙰𝚁𝙰 𝙼𝙴𝙻𝙾𝙽𝚈 💚🍃",
			"{NF4(【 17 / 35 】)}  𝙿𝙸𝚇𝙴𝙻𝙰 𝙼𝚈𝚂𝚃𝙸𝙲 | 𝙲𝙴𝚁𝙰𝙵𝙸𝙽𝙴 𝙼𝙸𝙺𝙰𝙴𝙻 🤍🍑",
			"{NF4(【 18 / 35 】)}  𝙿𝙸𝚇𝙴𝙻𝙰 𝙼𝚈𝚂𝚃𝙸𝙲 | 𝙰𝚃𝙻𝙰𝙽𝚃𝙴𝙸𝙰 𝚂𝙸𝚁𝙴𝙴𝙽 💙🧜",
			"{NF4(【 19 / 35 】)}  𝙿𝙸𝚇𝙴𝙻𝙰 𝙼𝚈𝚂𝚃𝙸𝙲 | 𝙰𝙻𝙳𝙰𝙻𝙸𝚃𝙰 𝙻𝙸𝙻𝙸𝙱𝙴𝙻𝙻𝙴 ❤️😈",
			"{NF4(【 20 / 35 】)}  𝙿𝙸𝚇𝙴𝙻𝙰 𝙼𝚈𝚂𝚃𝙸𝙲 | 𝙺𝙴𝚁𝙴𝚂𝚂𝙰 𝚉𝙾𝚄𝙻𝙵𝙸𝙰 💙",
			"{NF4(【 21 / 35 】)}  𝙿𝙸𝚇𝙴𝙻𝙰 𝙼𝚈𝚂𝚃𝙸𝙲 | 𝙽𝙾𝙲𝚃𝚄𝚁𝙽𝙰𝚉 𝙽𝙰𝙰𝚁 💜🧟",
			"{NF4(【 22 / 35 】)}  𝙿𝙸𝚇𝙴𝙻𝙰 𝙳𝙴𝚂𝚃𝙸𝙽𝚈 | 𝙱𝙸𝚂𝙲𝚄𝙸𝚃 𝙱𝙻𝚈𝚃𝙷𝙴 💛🦁",
			"{NF4(【 23 / 35 】)}  𝙿𝙸𝚇𝙴𝙻𝙰 𝙳𝙴𝚂𝚃𝙸𝙽𝚈 | 𝙶𝚁𝙸𝙼𝚄𝚂 𝙶𝚁𝙸𝙼𝙼 🖤🦇",
			"{NF4(【 24 / 35 】)}  𝙿𝙸𝚇𝙴𝙻𝙰 𝙳𝙴𝚂𝚃𝙸𝙽𝚈 | 𝙰𝚁𝚄𝙽𝙰 𝚂𝙷𝚄𝚄𝙽 💙",
			"{NF4(【 25 / 35 】)}  𝙿𝙸𝚇𝙴𝙻𝙰 𝙳𝙴𝚂𝚃𝙸𝙽𝚈 | 𝙴𝚄𝚃𝙷𝙰𝙻𝙸𝙰 𝚉𝙴𝙿𝙷𝚈𝚁 💙🦋",
			"{NF4(【 26 / 35 】)}  𝙿𝙸𝚇𝙴𝙻𝙰 𝙳𝙴𝚂𝚃𝙸𝙽𝚈 | 𝙳𝙰𝚁𝙸𝙰𝚂 𝚂𝙸𝙻𝚅𝙰𝙷 🤍🐶",
			"{NF4(【 27 / 36 】)}  𝙿𝙸𝚇𝙴𝙻𝙰 𝚂 (Solo) | 𝚁𝙾𝚂𝙴𝙻𝙸𝙰 𝙳𝙴 𝙼𝙰𝙶𝙴𝙽𝚃𝙸𝙰 ❤️👑",
			"{NF4(【 28 / 35 】)}  𝙿𝙸𝚇𝙴𝙻𝙰 𝚂 (Solo) | 𝚂𝙸𝚂𝙸𝚁𝙰 𝙷𝚈𝙳𝚁𝙴𝙽𝙶𝙴𝙰 💜👾",
			"{NF4(【 28 / 35 】)}  𝙿𝙸𝚇𝙴𝙻𝙰 𝚂 (Solo) | ??????",
			"{NF4(【 30 / 35 】)}  𝙿𝙸𝚇𝙴𝙻𝙰 𝚆𝙾𝚁𝙻𝙳𝙴𝙽𝙳 | 𝙱𝙴𝚃𝙰 𝙰𝙼𝙸 🤍🤖",
			"{NF4(【 31 / 35 】)}  𝙿𝙸𝚇𝙴𝙻𝙰 𝚆𝙾𝚁𝙻𝙳𝙴𝙽𝙳 | 𝚇𝙾𝙽𝙴𝙱𝚄 𝚇’𝚃𝙷𝚄𝙻𝚄 💜👽",
			"{NF4(【 32 / 35 】)}  𝙿𝙸𝚇𝙴𝙻𝙰 𝚆𝙾𝚁𝙻𝙳𝙴𝙽𝙳 | 𝙺𝚄𝙼𝙾𝙺𝚄 𝚃𝚂𝚄𝚁𝚄𝚁𝚄 💙☁️",
			"{NF4(【 33 / 35 】)}  𝙿𝙸𝚇𝙴𝙻𝙰 𝚆𝙾𝚁𝙻𝙳𝙴𝙽𝙳 | 𝙼𝙸𝙻𝙳 - 𝚁 💖💉",
			"{NF4(【 34 / 35 】)}  𝙿𝙸𝚇𝙴𝙻𝙰 𝚆𝙾𝚁𝙻𝙳𝙴𝙽𝙳 | 𝙳𝙴𝙱𝙸𝚁𝚄𝙽 💙",
			"{NF4(【 35 / 35 】)}  𝙿𝙸𝚇𝙴𝙻𝙰 𝚆𝙾𝚁𝙻𝙳𝙴𝙽𝙳 | 𝚃-𝚁𝙴𝙸𝙽𝙰 𝙰𝚂𝙷𝚈𝚁𝙰 🧡🦖"
		],
		"bigimg": [
			"https://i.pinimg.com/originals/30/0f/7d/300f7d9d2d80dc9f62bb29123ac855e7.gif",
			"https://i.pinimg.com/originals/30/0f/7d/300f7d9d2d80dc9f62bb29123ac855e7.gif",
			"https://i.pinimg.com/originals/30/0f/7d/300f7d9d2d80dc9f62bb29123ac855e7.gif",
			"https://i.pinimg.com/originals/30/0f/7d/300f7d9d2d80dc9f62bb29123ac855e7.gif",
			"https://i.pinimg.com/originals/8e/2e/14/8e2e14773cda42f0d01fa7347e9d0fea.gif",
			"https://i.pinimg.com/originals/14/d0/1a/14d01a386ce0cec1b1f4ca044b32d7bd.gif",
			"https://i.pinimg.com/originals/62/2e/9e/622e9e30b72c08d98202efa84018a8fd.gif",
			"https://i.pinimg.com/originals/34/6d/55/346d5599f71e46f6f059275405589e5d.gif",
			"https://i.pinimg.com/originals/b5/86/5c/b5865c7064244c7844899075c1dadaf4.gif",
			"https://i.pinimg.com/originals/ed/6a/88/ed6a888fdb42e06213d511321927cd5e.gif",
			"https://i.pinimg.com/originals/56/f1/3e/56f13e6215fadb5d20260295b3284581.gif",
			"https://i.pinimg.com/originals/f2/97/7b/f2977bcc0aa916c65f419401d77b7b29.gif",
			"https://i.pinimg.com/originals/f6/83/9a/f6839a5ff7ef3c421de197e4e20b9c38.gif",
			"https://i.pinimg.com/originals/94/00/13/940013f9d28e525d62c887eac9a2a953.gif",
			"https://i.pinimg.com/originals/ed/99/50/ed995068f820f55c404cf1d7b73bd32f.gif",
			"https://i.pinimg.com/originals/63/a2/4c/63a24cd8bd765ca0b5e0c0519378e5e5.gif",
			"https://i.pinimg.com/originals/be/72/2a/be722ae781b8b059cc2f8cf6902cb425.gif",
			"https://i.pinimg.com/originals/47/c2/6b/47c26b730d2e13f0c2746aa4a4996b2f.gif",
			"https://i.pinimg.com/originals/3f/30/a4/3f30a47d09bffa48142013e18c21f70a.gif",
			"https://i.pinimg.com/originals/72/cf/ec/72cfec08f8cee3308f35957a16205d85.gif",
			"https://i.pinimg.com/originals/bb/e0/74/bbe07481699480fd1e09fbff51ddd69a.gif",
			"https://i.pinimg.com/originals/38/46/68/384668a0195769dc2febf08198920991.gif",
			"https://i.pinimg.com/originals/6f/0f/43/6f0f43e2e89a544ea7abc952f63944fb.gif",
			"https://i.pinimg.com/originals/03/f9/63/03f963676b038a488936d15aa45ceec3.gif",
			"https://i.pinimg.com/originals/eb/52/22/eb52225c4a976e0db1cab56940ff3041.gif",
			"https://i.pinimg.com/originals/c0/4a/1e/c04a1e7730f4ca1f343a44a88425abe9.gif",
			"https://i.pinimg.com/originals/4f/2a/28/4f2a28c907e24e68f5be83595217ad03.gif",
			"https://i.pinimg.com/originals/ff/52/46/ff524661be870a991843cd5ce826f845.gif",
			"https://i.pinimg.com/originals/a7/9f/1f/a79f1f90164df4f596acbb6266ad0c4c.gif",
			"https://i.pinimg.com/originals/5a/17/59/5a1759e642d0b09ae099a23c422af3e0.gif",
			"https://i.pinimg.com/originals/34/c0/d9/34c0d9e85ae060b4ca11c869345125fb.gif",
			"https://i.pinimg.com/originals/02/d9/f8/02d9f8216cd66274102660c3fcecfcad.gif",
			"https://i.pinimg.com/564x/b5/46/3c/b5463c3591ec63cf076ac48179e3b0db.jpg",
			"https://i.pinimg.com/originals/da/de/84/dade84cd19df4ab4029b0c1e165aafd3.gif",
			"https://i.pinimg.com/originals/ae/34/9b/ae349b63f148a87b16276ef8cf6fbe4c.gif",
			"https://i.pinimg.com/originals/2d/3b/08/2d3b08bc44f8bbd85a437a43f85d5151.gif",
			"https://i.pinimg.com/originals/7c/b7/23/7cb72394a1254682ef8e30f0495a9b62.gif",
			"https://i.pinimg.com/originals/ab/a2/1f/aba21f222dcd0aad9c3149ef137243f3.gif",
			"https://i.pinimg.com/originals/5f/cf/fe/5fcffeddf9867537b62a37e59f51eecf.gif"
		],
		"smallimg": [
			"https://i.pinimg.com/736x/bc/05/1f/bc051fde4053bc494f89cb355e71eea9.jpg"
		],
		"button-1": [
			{
				"name": "P",
				"url": "https://discord.gg/C33W9PCauG"
			},
			{
				"name": "Pi",
				"url": "https://discord.gg/C33W9PCauG"
			},
			{
				"name": "Pix",
				"url": "https://discord.gg/C33W9PCauG"
			},
			{
				"name": "Pixe",
				"url": "https://discord.gg/C33W9PCauG"
			},
			{
				"name": "Pixel",
				"url": "https://discord.gg/C33W9PCauG"
			},
			{
				"name": "Pixela",
				"url": "https://discord.gg/C33W9PCauG"
			},
			{
				"name": "Pixela p",
				"url": "https://discord.gg/C33W9PCauG"
			},
			{
				"name": "Pixela pr",
				"url": "https://discord.gg/C33W9PCauG"
			},
			{
				"name": "Pixela pro",
				"url": "https://discord.gg/C33W9PCauG"
			},
			{
				"name": "Pixela proj",
				"url": "https://discord.gg/C33W9PCauG"
			},
			{
				"name": "Pixela proje",
				"url": "https://discord.gg/C33W9PCauG"
			},
			{
				"name": "Pixela projec",
				"url": "https://discord.gg/C33W9PCauG"
			},
			{
				"name": "Pixela project",
				"url": "https://discord.gg/C33W9PCauG"
			}
		],
		"button-2": [
			{
				"name": "Edit by : luckyexe_danger#0000 ",
				"url": "https://instabio.cc/3110214HCjQEN"
			}
		]
	}
}
