{
	"setup": {
		"city": "Kanchanaburi",
		"delay": 5
	},
	"config": {
		"options": {
			"watch-url": ["https://youtube.com/@hirito192z?si=k6tq1ZKWts8TqOuH"],
			"timestamp": "{start}"
		},
		"text-1": [
			"〈 ⏰ {hour:1} : {min:1} 〉 ⭒ 〈 📆 {th=date} / {en=month:3} / {en=year:2} 〉"
		],
		"text-2": [
			"✨ ⭒𝑅 𝑂 𝑆 𝐻 𝐼 𝐷 𝐸 𝑅 𝐸  𝐴 𝐿 𝑌 𝐴   | CPU: {cpu:usage}% RAM: {ram:usage}%"
		],
		"text-3": ["Ping Server : {ping} ms"],
		"bigimg": [
			"https://i.pinimg.com/originals/34/62/b8/3462b85e6c4fde0f5261f9f5bfcb7015.gif"
		],
		"smallimg": [
			"https://i.pinimg.com/originals/da/2e/c8/da2ec846cf32e7e53ce733af3539e3ab.jpg"
		],
		"button-1": [
			{
				"name": "FACEBOOK💜",
				"url": "https://www.facebook.com/profile.php?id=61554819683535&mibextid=ZbWKwL"
			}
		],
		"button-2": [
			{
				"name": "Instergarm💛",
				"url": "https://www.instagram.com/thanadet0918z?igsh=bGVoaHZyNjFhMXB1"
			}
		]
	}
}
