{
	"setup": {
		"city": "Mae Sai",
		"delay": 10
	},
	"config": {
		"options": {
			"watch-url": ["https://www.youtube.com/watch?v=_M8eHRifbVY"],
			"timestamp": "{start}"
		},
		"text-1": ["{hour:1} : {min:1} ⌯ {en=month:2} {en=date} {en=year:2}"],
		"text-2": ["Ping Server : {ping} ms"],
		"text-3": [
			"𝐃𝐢𝐦𝐞𝐧𝐬𝐢𝐨𝐧 𝐁𝐫𝐞𝐚𝐤𝐞𝐫 | 𝐕𝐢𝐨𝐥𝐞𝐭",
			"𝐃𝐢𝐦𝐞𝐧𝐬𝐢𝐨𝐧 𝐁𝐫𝐞𝐚𝐤𝐞𝐫 | 𝐓𝐞𝐥'𝐀𝐧𝐧𝐚𝐬",
			"𝐃𝐢𝐦𝐞𝐧𝐬𝐢𝐨𝐧 𝐁𝐫𝐞𝐚𝐤𝐞𝐫 | 𝐍𝐚𝐤𝐫𝐨𝐭𝐡",
			"𝐃𝐢𝐦𝐞𝐧𝐬𝐢𝐨𝐧 𝐁𝐫𝐞𝐚𝐤𝐞𝐫 | 𝐋𝐚𝐮𝐫𝐢𝐞𝐥",
			"𝐃𝐢𝐦𝐞𝐧𝐬𝐢𝐨𝐧 𝐁𝐫𝐞𝐚𝐤𝐞𝐫 | 𝐀𝐢𝐫𝐢"
		],
		"bigimg": [
			"https://img5.pic.in.th/file/secure-sv1/Violet_Dimension_Breaker.gif",
			"https://img2.pic.in.th/pic/TelAnnas_Dimension_Breaker.gif",
			"https://img2.pic.in.th/pic/Nakroth_Dimension_Breaker.gif",
			"https://img5.pic.in.th/file/secure-sv1/Lauriel_Dimension_Breaker.gif",
			"https://img5.pic.in.th/file/secure-sv1/Airi_Dimension_Breaker.gif"
		],
		"smallimg": [],
		"button-1": [
			{
				"name": "DISCORD",
				"url": "https://discord.gg/KKMfdczgAJ"
			}
		],
		"button-2": [
			{
				"name": "CONTACT",
				"url": "https://linktr.ee/loybung"
			}
		]
	}
}
