{
	"setup": {
		"city": "Bangkok",
		"delay": 4
	},
	"config": {
		"options": {
			"watch-url": ["https://www.youtube.com/watch?v=VDoL-vsvmIo"],
			"timestamp": "{unix:1709485200}"
		},
		"text-1": [
			"{NF4(〈 {hour:1} : {min:1} 〉 ⭒ 〈 V 〉)}",
			"{NF4(〈 {hour:1} : {min:1} 〉 ⭒ 〈 Vi 〉)}",
			"{NF4(〈 {hour:1} : {min:1} 〉 ⭒ 〈 Viv 〉)}",
			"{NF4(〈 {hour:1} : {min:1} 〉 ⭒ 〈 Viva 〉)}",
			"{NF4(〈 {hour:1} : {min:1} 〉 ⭒ 〈 Vival 〉)}",
			"{NF4(〈 {hour:1} : {min:1} 〉 ⭒ 〈 Vivald 〉)}",
			"{NF4(〈 {hour:1} : {min:1} 〉 ⭒ 〈 Vivaldi 〉)}",
			"{NF4(〈 {hour:1} : {min:1} 〉 ⭒ 〈 Vivaldi 〉)}",
			"{NF4(〈 {hour:1} : {min:1} 〉 ⭒ 〈 Vivald 〉)}",
			"{NF4(〈 {hour:1} : {min:1} 〉 ⭒ 〈 Vival 〉)}",
			"{NF4(〈 {hour:1} : {min:1} 〉 ⭒ 〈 Viva 〉)}",
			"{NF4(〈 {hour:1} : {min:1} 〉 ⭒ 〈 Viv 〉)}",
			"{NF4(〈 {hour:1} : {min:1} 〉 ⭒ 〈 Vi 〉)}",
			"{NF4(〈 {hour:1} : {min:1} 〉 ⭒ 〈 V 〉)}"
		],
		"text-2": ["{NF4( ⭒ Vivaldi: Winter 🎻)}"],
		"text-3": [
			"{NF4(〈 {th=date} / {en=month:1} / {en=year:2} 〉 ⭒ 〈 🧭 {wind:dir} 〉)}"
		],
		"bigimg": [
			"https://w0.peakpx.com/wallpaper/187/84/HD-wallpaper-spring-vivaldi-violin-music-concerto-vivaldi-spring.jpg",
			"https://t4.ftcdn.net/jpg/00/93/11/31/360_F_93113169_jH1TJAXanOFtRvxeeoEOy2OK2201kJtJ.jpg",
			"https://s.itl.cat/pngfile/s/303-3030575_photo-wallpaper-notes-music-violin-.jpg"
		],
		"smallimg": [],
		"button-1": [
			{
				"name": "The Four Seasons",
				"url": "https://www.youtube.com/watch?v=GRxofEmo3HA"
			}
		],
		"button-2": [
			{
				"name": "{hour:1}:{min:1} | Winter",
				"url": "https://www.youtube.com/watch?v=TZCfydWF48c"
			}
		]
	}
}
